user_id,tech_field,programming_languages,region,availability,goals,experience
1,IoT,"Java, Arduino",Chandigarh,Part-time availability,Connect devices to the internet,10
2,Cybersecurity,"Python, C, Metasploit, Wireshark, Nmap",Mumbai,Full-time availability,"Protect systems from cyber threats, Enhance network security, Conduct penetration testing",4
3,Game Development,"C++, Unity, Unreal Engine, C#, JavaScript",Ahmedabad,Available for projects,Work on 2D and 3D game development,10
4,Web3,"JavaScript, WebAssembly, Rust, Go",Jaipur,Part-time availability,"Create decentralized applications (DApps), Implement smart contracts",9
5,UI/UX Design,"Adobe XD, Sketch, Figma, InVision",Kolkata,Full-time availability,Create appealing user interfaces,3
6,Blockchain,Rust,Chennai,Part-time availability,"Develop blockchain-based applications, Explore cryptocurrency technologies",1
7,UI/UX Design,"Adobe XD, InVision, Sketch, Illustrator",Ahmedabad,Full-time availability,"Design for mobile and web platforms, Create appealing user interfaces",1
8,Mobile App,"Dart, Objective-C, Kotlin, Java, Swift",Hyderabad,Available for projects,"Build user-friendly mobile apps, Explore cross-platform development, Optimize app performance",6
9,Mobile App,"Objective-C, Kotlin, Java, Dart, Swift",Jaipur,Available for projects,"Build user-friendly mobile apps, Explore cross-platform development, Optimize app performance",6
10,Blockchain,Rust,Kolkata,Available for projects,Ensure security in decentralized systems,1
11,UI/UX Design,"InVision, Figma, Adobe XD, Sketch",Mumbai,Part-time availability,Design for mobile and web platforms,4
12,Mobile App,"Objective-C, Swift, Kotlin, Java",Delhi,Part-time availability,Build user-friendly mobile apps,5
13,Blockchain,"Solidity, Go, Java, Rust",Ahmedabad,Available for projects,Develop blockchain-based applications,6
14,AI,"Java, TensorFlow",Hyderabad,Part-time availability,Develop machine learning models,3
15,Full Stack,"PHP, Python, HTML/CSS",Kolkata,Part-time availability,Master both front-end and back-end development,2
16,UI/UX Design,"Illustrator, Figma, InVision, Adobe XD, Sketch",Delhi,Available for projects,Optimize user experiences,7
17,Web3,"JavaScript, Solidity, Go, Rust, WebAssembly",Chandigarh,Available for projects,Implement smart contracts,1
18,Game Development,"C#, Unity, Unreal Engine, C++",Chennai,Available for projects,"Design and code video games, Work on 2D and 3D game development",6
19,AI,"Python, Java, TensorFlow, R",Mumbai,Part-time availability,"Develop machine learning models, Work on natural language processing projects",2
20,Data Science,SAS,Chennai,Part-time availability,Analyze and visualize data,8
21,Cybersecurity,"Wireshark, Nmap, Python, Metasploit",Kolkata,Available for projects,"Conduct penetration testing, Protect systems from cyber threats",2
22,Blockchain,Java,Chennai,Part-time availability,"Explore cryptocurrency technologies, Develop blockchain-based applications",3
23,Data Science,"Matlab, SQL, R, SAS, Python",Jaipur,Full-time availability,Analyze and visualize data,6
24,UI/UX Design,"Figma, Sketch, Illustrator, InVision",Mumbai,Part-time availability,"Create appealing user interfaces, Design for mobile and web platforms",10
25,Mobile App,Objective-C,Pune,Available for projects,"Build user-friendly mobile apps, Explore cross-platform development",3
26,Blockchain,"Java, Solidity, Go, Rust, C++",Chennai,Part-time availability,Explore cryptocurrency technologies,1
27,Web3,"JavaScript, Solidity",Bangalore,Full-time availability,"Implement smart contracts, Understand blockchain technology, Create decentralized applications (DApps)",9
28,IoT,"C, Arduino",Chandigarh,Part-time availability,"Develop IoT solutions, Ensure device security",1
29,Mobile App,Swift,Bangalore,Full-time availability,"Explore cross-platform development, Build user-friendly mobile apps, Optimize app performance",2
30,Web3,"Rust, JavaScript, WebAssembly",Bangalore,Part-time availability,"Understand blockchain technology, Create decentralized applications (DApps)",8
31,AI,"PyTorch, TensorFlow, Java, R",Mumbai,Part-time availability,"Contribute to AI research, Develop machine learning models, Work on natural language processing projects",8
32,Data Science,"SAS, SQL, R",Jaipur,Full-time availability,"Predict trends and insights, Apply statistical methods, Analyze and visualize data",6
33,Data Science,"Python, Matlab",Ahmedabad,Part-time availability,Analyze and visualize data,9
34,Blockchain,"Rust, Java, Go",Mumbai,Full-time availability,"Develop blockchain-based applications, Ensure security in decentralized systems",6
35,Blockchain,Java,Delhi,Full-time availability,"Develop blockchain-based applications, Explore cryptocurrency technologies, Ensure security in decentralized systems",4
36,Cybersecurity,"Python, Metasploit, Wireshark, C, Nmap",Delhi,Part-time availability,"Enhance network security, Conduct penetration testing",9
37,UI/UX Design,"Figma, Adobe XD, Sketch, Illustrator, InVision",Mumbai,Part-time availability,Optimize user experiences,7
38,IoT,"Python, Raspberry Pi",Hyderabad,Full-time availability,Develop IoT solutions,10
39,IoT,"Python, Java, Raspberry Pi, Arduino",Delhi,Available for projects,"Ensure device security, Connect devices to the internet, Develop IoT solutions",7
40,Full Stack,"PHP, Python, JavaScript, HTML/CSS",Chennai,Available for projects,Optimize website performance,7
41,Full Stack,"Python, HTML/CSS, JavaScript",Kolkata,Part-time availability,Build responsive web applications,10
42,AI,TensorFlow,Mumbai,Part-time availability,"Develop machine learning models, Work on natural language processing projects",7
43,Cybersecurity,"Metasploit, Nmap, Python, Wireshark, C",Jaipur,Available for projects,Enhance network security,9
44,Web3,"WebAssembly, Solidity",Delhi,Available for projects,"Implement smart contracts, Create decentralized applications (DApps), Understand blockchain technology",3
45,Mobile App,"Kotlin, Objective-C, Java, Swift",Ahmedabad,Full-time availability,"Build user-friendly mobile apps, Explore cross-platform development, Optimize app performance",3
46,Blockchain,"C++, Go, Rust, Solidity, Java",Mumbai,Available for projects,"Develop blockchain-based applications, Explore cryptocurrency technologies, Ensure security in decentralized systems",1
47,Data Science,"SAS, Matlab",Chandigarh,Full-time availability,"Analyze and visualize data, Predict trends and insights",10
48,UI/UX Design,Sketch,Bangalore,Part-time availability,"Design for mobile and web platforms, Optimize user experiences, Create appealing user interfaces",2
49,UI/UX Design,Adobe XD,Chandigarh,Available for projects,Design for mobile and web platforms,3
50,UI/UX Design,"Figma, Adobe XD, Sketch",Pune,Part-time availability,"Design for mobile and web platforms, Create appealing user interfaces, Optimize user experiences",8
51,Cybersecurity,Wireshark,Pune,Full-time availability,Protect systems from cyber threats,7
52,Cybersecurity,"C, Wireshark",Chennai,Available for projects,Protect systems from cyber threats,6
53,Data Science,SQL,Delhi,Available for projects,"Analyze and visualize data, Predict trends and insights",2
54,Mobile App,"Java, Objective-C, Kotlin",Delhi,Available for projects,Optimize app performance,5
55,Cybersecurity,"Metasploit, Nmap, Python, C",Kolkata,Full-time availability,Conduct penetration testing,5
56,AI,"TensorFlow, Java, PyTorch",Chandigarh,Available for projects,Work on natural language processing projects,10
57,Data Science,"Matlab, Python, SAS, R, SQL",Pune,Full-time availability,"Apply statistical methods, Analyze and visualize data",3
58,IoT,"Java, C",Bangalore,Part-time availability,"Ensure device security, Connect devices to the internet",5
59,Data Science,"R, Python",Bangalore,Part-time availability,Apply statistical methods,6
60,IoT,"C, Python",Mumbai,Part-time availability,Connect devices to the internet,10
61,Mobile App,"Swift, Java, Dart, Objective-C, Kotlin",Pune,Full-time availability,"Explore cross-platform development, Build user-friendly mobile apps, Optimize app performance",1
62,UI/UX Design,"Sketch, Illustrator, Figma, Adobe XD",Jaipur,Full-time availability,Design for mobile and web platforms,4
63,IoT,"Arduino, Java, C",Ahmedabad,Available for projects,Ensure device security,8
64,Data Science,"Matlab, SAS",Chandigarh,Full-time availability,Analyze and visualize data,7
65,Data Science,"SAS, Matlab, Python, R",Chennai,Full-time availability,"Apply statistical methods, Analyze and visualize data",9
66,Blockchain,C++,Bangalore,Part-time availability,Ensure security in decentralized systems,10
67,Cybersecurity,"C, Metasploit, Wireshark",Hyderabad,Part-time availability,"Conduct penetration testing, Protect systems from cyber threats",8
68,Data Science,R,Chennai,Part-time availability,"Analyze and visualize data, Predict trends and insights",9
69,Game Development,"Unreal Engine, Unity, C++",Mumbai,Part-time availability,"Game engine expertise, Design and code video games, Work on 2D and 3D game development",4
70,AI,"R, Python, Java",Kolkata,Available for projects,"Contribute to AI research, Develop machine learning models, Work on natural language processing projects",7
71,Cybersecurity,"Metasploit, Nmap",Kolkata,Part-time availability,"Conduct penetration testing, Enhance network security",3
72,AI,PyTorch,Kolkata,Full-time availability,"Work on natural language processing projects, Contribute to AI research",9
73,Mobile App,"Kotlin, Objective-C",Ahmedabad,Available for projects,"Build user-friendly mobile apps, Explore cross-platform development",9
74,Cybersecurity,"Nmap, Wireshark, Python",Chennai,Available for projects,"Conduct penetration testing, Protect systems from cyber threats",3
75,Data Science,"Python, SQL, SAS, Matlab, R",Chennai,Available for projects,Analyze and visualize data,9
76,Game Development,"Unity, Unreal Engine, JavaScript, C#",Jaipur,Full-time availability,"Design and code video games, Game engine expertise, Work on 2D and 3D game development",10
77,Cybersecurity,"Metasploit, Wireshark",Chandigarh,Part-time availability,"Conduct penetration testing, Protect systems from cyber threats, Enhance network security",1
78,Mobile App,"Swift, Kotlin, Java, Dart",Jaipur,Full-time availability,"Optimize app performance, Explore cross-platform development",2
79,Full Stack,"PHP, JavaScript, Python, Java",Bangalore,Available for projects,Optimize website performance,9
80,Mobile App,"Objective-C, Dart",Pune,Available for projects,Build user-friendly mobile apps,7
81,Data Science,"SAS, R, SQL, Matlab, Python",Bangalore,Available for projects,Apply statistical methods,7
82,Web3,"WebAssembly, Solidity, JavaScript, Rust, Go",Bangalore,Full-time availability,"Understand blockchain technology, Implement smart contracts, Create decentralized applications (DApps)",9
83,Cybersecurity,"Metasploit, Nmap",Chandigarh,Part-time availability,"Enhance network security, Protect systems from cyber threats",1
84,Web3,JavaScript,Ahmedabad,Part-time availability,"Create decentralized applications (DApps), Implement smart contracts, Understand blockchain technology",3
85,AI,"PyTorch, Java, R, TensorFlow, Python",Delhi,Part-time availability,Develop machine learning models,9
86,Blockchain,"Solidity, Go",Delhi,Available for projects,"Develop blockchain-based applications, Ensure security in decentralized systems, Explore cryptocurrency technologies",8
87,Game Development,"Unreal Engine, Unity",Hyderabad,Available for projects,"Game engine expertise, Work on 2D and 3D game development",3
88,Blockchain,"C++, Go, Java",Hyderabad,Full-time availability,"Develop blockchain-based applications, Ensure security in decentralized systems, Explore cryptocurrency technologies",5
89,Full Stack,Python,Jaipur,Part-time availability,Master both front-end and back-end development,8
90,Data Science,"R, SAS, Python",Chandigarh,Part-time availability,Predict trends and insights,6
91,IoT,"Raspberry Pi, C, Arduino",Kolkata,Full-time availability,"Connect devices to the internet, Develop IoT solutions, Ensure device security",5
92,Data Science,"SAS, Matlab",Pune,Available for projects,"Analyze and visualize data, Predict trends and insights, Apply statistical methods",3
93,UI/UX Design,"InVision, Adobe XD, Illustrator",Hyderabad,Full-time availability,"Create appealing user interfaces, Optimize user experiences",2
94,Blockchain,"Rust, Java, Go",Chandigarh,Part-time availability,"Ensure security in decentralized systems, Explore cryptocurrency technologies, Develop blockchain-based applications",2
95,Cybersecurity,"Wireshark, Python, Metasploit",Bangalore,Full-time availability,"Enhance network security, Protect systems from cyber threats",3
96,AI,"Java, R, TensorFlow, Python, PyTorch",Ahmedabad,Full-time availability,"Work on natural language processing projects, Contribute to AI research",10
97,UI/UX Design,"Adobe XD, Figma, Illustrator, InVision, Sketch",Jaipur,Part-time availability,Design for mobile and web platforms,6
98,UI/UX Design,"Sketch, Figma",Ahmedabad,Full-time availability,Create appealing user interfaces,8
99,Data Science,"R, SAS, SQL, Matlab, Python",Mumbai,Available for projects,Apply statistical methods,8
100,Full Stack,JavaScript,Chandigarh,Full-time availability,"Optimize website performance, Build responsive web applications",1
101,Data Science,"R, SQL, Matlab, SAS, Python",Jaipur,Available for projects,"Predict trends and insights, Apply statistical methods, Analyze and visualize data",3
102,Cybersecurity,"Nmap, Metasploit",Ahmedabad,Full-time availability,Conduct penetration testing,7
103,IoT,"Java, Python",Ahmedabad,Part-time availability,"Develop IoT solutions, Connect devices to the internet",3
104,Data Science,"Python, SAS, R, Matlab, SQL",Jaipur,Available for projects,"Analyze and visualize data, Predict trends and insights",2
105,Cybersecurity,Metasploit,Delhi,Full-time availability,Enhance network security,4
106,Blockchain,"Java, Rust, Go",Mumbai,Full-time availability,"Develop blockchain-based applications, Explore cryptocurrency technologies, Ensure security in decentralized systems",5
107,Data Science,"SQL, R, Python",Chandigarh,Full-time availability,"Apply statistical methods, Predict trends and insights",1
108,Data Science,"Matlab, Python",Chandigarh,Full-time availability,"Apply statistical methods, Predict trends and insights",3
109,IoT,"Arduino, Python, Raspberry Pi, Java",Bangalore,Part-time availability,"Connect devices to the internet, Develop IoT solutions, Ensure device security",7
110,UI/UX Design,"InVision, Illustrator, Figma, Adobe XD",Delhi,Full-time availability,"Optimize user experiences, Create appealing user interfaces",4
111,IoT,"Java, C, Python, Raspberry Pi",Delhi,Available for projects,Connect devices to the internet,5
112,AI,"TensorFlow, Java, R, Python",Bangalore,Part-time availability,"Work on natural language processing projects, Contribute to AI research, Develop machine learning models",9
113,UI/UX Design,"Figma, Adobe XD, InVision, Sketch",Hyderabad,Available for projects,"Create appealing user interfaces, Design for mobile and web platforms, Optimize user experiences",1
114,Mobile App,Java,Kolkata,Part-time availability,"Optimize app performance, Explore cross-platform development, Build user-friendly mobile apps",9
115,Blockchain,"C++, Rust, Java, Solidity",Pune,Full-time availability,"Explore cryptocurrency technologies, Ensure security in decentralized systems, Develop blockchain-based applications",8
116,Cybersecurity,Nmap,Ahmedabad,Full-time availability,"Enhance network security, Conduct penetration testing",6
117,Blockchain,"Solidity, Go, Rust, C++, Java",Delhi,Part-time availability,Explore cryptocurrency technologies,8
118,Full Stack,"PHP, Java, HTML/CSS",Bangalore,Full-time availability,Build responsive web applications,1
119,Game Development,"JavaScript, Unreal Engine, Unity",Chandigarh,Full-time availability,Game engine expertise,7
120,Data Science,"SQL, R, SAS, Python",Ahmedabad,Available for projects,"Analyze and visualize data, Predict trends and insights, Apply statistical methods",3
121,Web3,Go,Bangalore,Available for projects,"Create decentralized applications (DApps), Implement smart contracts, Understand blockchain technology",4
122,Cybersecurity,"Python, C, Wireshark",Chennai,Available for projects,"Enhance network security, Conduct penetration testing, Protect systems from cyber threats",2
123,Full Stack,Python,Delhi,Full-time availability,"Optimize website performance, Build responsive web applications",10
124,IoT,"Arduino, Java, Python",Delhi,Available for projects,"Connect devices to the internet, Develop IoT solutions",2
125,UI/UX Design,"Adobe XD, InVision, Sketch",Ahmedabad,Available for projects,Optimize user experiences,3
126,UI/UX Design,"Adobe XD, Sketch, InVision, Illustrator, Figma",Chandigarh,Part-time availability,"Design for mobile and web platforms, Create appealing user interfaces, Optimize user experiences",6
127,UI/UX Design,Adobe XD,Bangalore,Part-time availability,Design for mobile and web platforms,3
128,Game Development,C#,Kolkata,Available for projects,"Work on 2D and 3D game development, Design and code video games",6
129,Blockchain,"Java, Solidity, Go, Rust, C++",Chennai,Part-time availability,"Ensure security in decentralized systems, Develop blockchain-based applications",7
130,Web3,"JavaScript, WebAssembly, Rust, Go, Solidity",Delhi,Part-time availability,"Implement smart contracts, Understand blockchain technology",3
131,Game Development,"Unity, C++",Delhi,Part-time availability,"Work on 2D and 3D game development, Game engine expertise, Design and code video games",2
132,Web3,"Go, JavaScript",Ahmedabad,Full-time availability,Create decentralized applications (DApps),10
133,Full Stack,"JavaScript, Python, Java",Ahmedabad,Part-time availability,"Master both front-end and back-end development, Build responsive web applications",4
134,Cybersecurity,"Python, Metasploit, C, Nmap",Pune,Full-time availability,Protect systems from cyber threats,4
135,Web3,"Rust, JavaScript",Ahmedabad,Full-time availability,"Implement smart contracts, Create decentralized applications (DApps)",1
136,Game Development,C++,Ahmedabad,Full-time availability,"Game engine expertise, Design and code video games",3
137,Web3,"Rust, JavaScript",Mumbai,Part-time availability,"Create decentralized applications (DApps), Implement smart contracts, Understand blockchain technology",6
138,Cybersecurity,Python,Chennai,Full-time availability,"Protect systems from cyber threats, Enhance network security",3
139,UI/UX Design,InVision,Hyderabad,Full-time availability,Design for mobile and web platforms,9
140,UI/UX Design,"Illustrator, InVision",Jaipur,Available for projects,"Optimize user experiences, Design for mobile and web platforms, Create appealing user interfaces",10
141,Blockchain,Java,Kolkata,Part-time availability,"Explore cryptocurrency technologies, Ensure security in decentralized systems, Develop blockchain-based applications",1
142,AI,"TensorFlow, Python",Hyderabad,Full-time availability,"Develop machine learning models, Contribute to AI research, Work on natural language processing projects",10
143,AI,"Java, PyTorch",Pune,Full-time availability,"Develop machine learning models, Work on natural language processing projects, Contribute to AI research",1
144,Game Development,"C++, C#, Unity, Unreal Engine, JavaScript",Pune,Full-time availability,Design and code video games,9
145,Full Stack,"HTML/CSS, Python, PHP",Chennai,Available for projects,Master both front-end and back-end development,5
146,Cybersecurity,"Python, Wireshark, C, Metasploit, Nmap",Pune,Full-time availability,"Protect systems from cyber threats, Enhance network security",3
147,IoT,Java,Chennai,Full-time availability,"Develop IoT solutions, Ensure device security",3
148,Cybersecurity,"Python, C, Nmap, Wireshark",Chandigarh,Available for projects,"Enhance network security, Conduct penetration testing",9
149,Mobile App,Kotlin,Bangalore,Available for projects,"Explore cross-platform development, Build user-friendly mobile apps",1
150,Blockchain,"C++, Java, Rust, Solidity, Go",Pune,Full-time availability,Explore cryptocurrency technologies,6
151,Full Stack,HTML/CSS,Bangalore,Available for projects,Optimize website performance,2
152,Mobile App,"Kotlin, Objective-C, Swift, Java",Mumbai,Available for projects,Optimize app performance,9
153,Full Stack,"JavaScript, Java",Jaipur,Full-time availability,"Optimize website performance, Build responsive web applications, Master both front-end and back-end development",1
154,Mobile App,"Java, Objective-C",Mumbai,Part-time availability,"Optimize app performance, Build user-friendly mobile apps",9
155,Game Development,"Unity, C++, C#, Unreal Engine, JavaScript",Mumbai,Full-time availability,"Game engine expertise, Design and code video games, Work on 2D and 3D game development",7
156,Cybersecurity,"Metasploit, Python, C, Wireshark, Nmap",Pune,Part-time availability,"Conduct penetration testing, Protect systems from cyber threats, Enhance network security",2
157,IoT,"Raspberry Pi, C, Java, Arduino, Python",Ahmedabad,Full-time availability,"Ensure device security, Connect devices to the internet, Develop IoT solutions",5
158,Mobile App,"Swift, Java, Objective-C, Kotlin",Chandigarh,Full-time availability,"Explore cross-platform development, Build user-friendly mobile apps, Optimize app performance",7
159,Game Development,"Unity, JavaScript",Jaipur,Available for projects,"Work on 2D and 3D game development, Game engine expertise",1
160,Cybersecurity,"Wireshark, C, Nmap, Metasploit, Python",Ahmedabad,Available for projects,"Protect systems from cyber threats, Conduct penetration testing",8
161,AI,"Java, Python, TensorFlow, PyTorch",Delhi,Part-time availability,"Develop machine learning models, Contribute to AI research",8
162,IoT,"Python, Arduino, Raspberry Pi",Jaipur,Part-time availability,"Ensure device security, Connect devices to the internet",9
163,Web3,"JavaScript, Rust, Go, WebAssembly",Hyderabad,Part-time availability,"Implement smart contracts, Create decentralized applications (DApps), Understand blockchain technology",8
164,IoT,"C, Java, Raspberry Pi, Python, Arduino",Chandigarh,Full-time availability,"Connect devices to the internet, Ensure device security",3
165,Web3,JavaScript,Kolkata,Available for projects,"Create decentralized applications (DApps), Understand blockchain technology",10
166,Data Science,"Matlab, SAS, R, SQL",Chandigarh,Full-time availability,"Predict trends and insights, Analyze and visualize data, Apply statistical methods",9
167,AI,"Java, R, PyTorch, TensorFlow, Python",Kolkata,Full-time availability,"Develop machine learning models, Work on natural language processing projects, Contribute to AI research",3
168,Cybersecurity,"Python, Metasploit, Nmap, C, Wireshark",Kolkata,Full-time availability,Protect systems from cyber threats,4
169,AI,Java,Chandigarh,Part-time availability,Work on natural language processing projects,1
170,Web3,"JavaScript, Solidity",Mumbai,Part-time availability,"Implement smart contracts, Create decentralized applications (DApps), Understand blockchain technology",9
171,Mobile App,Kotlin,Mumbai,Available for projects,"Optimize app performance, Explore cross-platform development",3
172,UI/UX Design,Sketch,Chandigarh,Full-time availability,"Optimize user experiences, Design for mobile and web platforms",4
173,Game Development,"Unity, JavaScript, C++, C#",Delhi,Full-time availability,"Game engine expertise, Design and code video games",10
174,UI/UX Design,"Adobe XD, Sketch, Illustrator, Figma",Kolkata,Part-time availability,Design for mobile and web platforms,5
175,Data Science,"SQL, Matlab, Python",Pune,Full-time availability,"Analyze and visualize data, Predict trends and insights, Apply statistical methods",9
176,Mobile App,"Kotlin, Swift, Objective-C",Mumbai,Full-time availability,"Build user-friendly mobile apps, Optimize app performance, Explore cross-platform development",9
177,Mobile App,"Kotlin, Dart, Swift",Chennai,Available for projects,"Optimize app performance, Explore cross-platform development, Build user-friendly mobile apps",3
178,Blockchain,Rust,Ahmedabad,Available for projects,"Ensure security in decentralized systems, Develop blockchain-based applications, Explore cryptocurrency technologies",2
179,Web3,JavaScript,Delhi,Part-time availability,"Create decentralized applications (DApps), Understand blockchain technology",7
180,Web3,"Go, Rust, JavaScript",Delhi,Part-time availability,"Understand blockchain technology, Implement smart contracts",2
181,Full Stack,"Python, Java",Delhi,Full-time availability,"Master both front-end and back-end development, Optimize website performance, Build responsive web applications",3
182,Web3,"WebAssembly, Go, JavaScript, Rust, Solidity",Delhi,Available for projects,"Create decentralized applications (DApps), Understand blockchain technology, Implement smart contracts",1
183,Game Development,C++,Pune,Full-time availability,"Work on 2D and 3D game development, Design and code video games",4
184,UI/UX Design,"InVision, Adobe XD, Figma",Ahmedabad,Part-time availability,Design for mobile and web platforms,10
185,Game Development,"C#, Unity",Chandigarh,Part-time availability,"Design and code video games, Work on 2D and 3D game development, Game engine expertise",4
186,Web3,Go,Hyderabad,Full-time availability,"Implement smart contracts, Understand blockchain technology, Create decentralized applications (DApps)",6
187,AI,Java,Bangalore,Available for projects,"Develop machine learning models, Contribute to AI research",2
188,Data Science,SQL,Chandigarh,Available for projects,"Analyze and visualize data, Predict trends and insights, Apply statistical methods",3
189,Cybersecurity,"Metasploit, Wireshark, Python",Pune,Part-time availability,"Enhance network security, Conduct penetration testing, Protect systems from cyber threats",7
190,Blockchain,"Solidity, C++",Mumbai,Part-time availability,Ensure security in decentralized systems,10
191,Full Stack,"Python, JavaScript, Java, PHP",Ahmedabad,Available for projects,Build responsive web applications,1
192,Cybersecurity,Nmap,Jaipur,Available for projects,Protect systems from cyber threats,5
193,Web3,Solidity,Mumbai,Part-time availability,"Understand blockchain technology, Implement smart contracts, Create decentralized applications (DApps)",1
194,Game Development,"C#, JavaScript, C++",Chandigarh,Full-time availability,Game engine expertise,9
195,IoT,"Python, Raspberry Pi",Hyderabad,Part-time availability,Connect devices to the internet,9
196,UI/UX Design,"Sketch, InVision, Figma, Adobe XD",Kolkata,Available for projects,"Create appealing user interfaces, Design for mobile and web platforms",1
197,IoT,"Python, Arduino, Java",Mumbai,Full-time availability,"Connect devices to the internet, Develop IoT solutions, Ensure device security",10
198,IoT,"Raspberry Pi, C, Python, Java",Jaipur,Available for projects,"Develop IoT solutions, Connect devices to the internet, Ensure device security",10
199,Cybersecurity,C,Hyderabad,Full-time availability,Conduct penetration testing,5
200,Data Science,"Matlab, SQL",Pune,Available for projects,Predict trends and insights,10
201,Cybersecurity,"Python, Nmap, Metasploit, C",Ahmedabad,Full-time availability,"Enhance network security, Protect systems from cyber threats",1
202,Data Science,Matlab,Chandigarh,Full-time availability,Predict trends and insights,3
203,UI/UX Design,InVision,Ahmedabad,Full-time availability,"Create appealing user interfaces, Optimize user experiences",5
204,Web3,"Solidity, WebAssembly",Chandigarh,Part-time availability,"Create decentralized applications (DApps), Implement smart contracts",2
205,Mobile App,Kotlin,Kolkata,Full-time availability,"Explore cross-platform development, Build user-friendly mobile apps, Optimize app performance",7
206,Blockchain,"Java, Go",Kolkata,Full-time availability,Ensure security in decentralized systems,10
207,Mobile App,"Dart, Kotlin",Delhi,Full-time availability,"Explore cross-platform development, Optimize app performance",9
208,IoT,"C, Python",Mumbai,Available for projects,"Ensure device security, Connect devices to the internet, Develop IoT solutions",7
209,UI/UX Design,"Adobe XD, Figma, InVision",Chennai,Part-time availability,Design for mobile and web platforms,6
210,Game Development,"Unreal Engine, C++, C#, Unity, JavaScript",Bangalore,Available for projects,Design and code video games,8
211,Full Stack,"Java, HTML/CSS, PHP, Python",Chandigarh,Full-time availability,"Build responsive web applications, Optimize website performance",5
212,Blockchain,"Rust, Java, Solidity, Go, C++",Chandigarh,Full-time availability,Develop blockchain-based applications,7
213,Blockchain,Solidity,Kolkata,Full-time availability,"Develop blockchain-based applications, Explore cryptocurrency technologies",9
214,IoT,Arduino,Kolkata,Part-time availability,"Develop IoT solutions, Connect devices to the internet, Ensure device security",10
215,Blockchain,"Rust, Java, Go",Hyderabad,Full-time availability,"Explore cryptocurrency technologies, Develop blockchain-based applications, Ensure security in decentralized systems",10
216,UI/UX Design,"Figma, Adobe XD, Sketch, Illustrator",Kolkata,Full-time availability,"Create appealing user interfaces, Optimize user experiences",9
217,Web3,JavaScript,Chandigarh,Available for projects,Understand blockchain technology,10
218,Web3,"JavaScript, Go, WebAssembly, Rust, Solidity",Chennai,Part-time availability,Implement smart contracts,9
219,Mobile App,Kotlin,Kolkata,Available for projects,"Explore cross-platform development, Optimize app performance, Build user-friendly mobile apps",9
220,Blockchain,"C++, Solidity",Jaipur,Part-time availability,"Develop blockchain-based applications, Ensure security in decentralized systems, Explore cryptocurrency technologies",1
221,Cybersecurity,"Metasploit, Python",Chandigarh,Part-time availability,"Conduct penetration testing, Enhance network security, Protect systems from cyber threats",2
222,Web3,"Rust, WebAssembly, Go, Solidity",Mumbai,Full-time availability,"Understand blockchain technology, Implement smart contracts, Create decentralized applications (DApps)",5
223,Data Science,SQL,Mumbai,Part-time availability,"Predict trends and insights, Analyze and visualize data, Apply statistical methods",3
224,Data Science,SQL,Chandigarh,Available for projects,"Analyze and visualize data, Apply statistical methods, Predict trends and insights",5
225,Data Science,"R, SQL",Pune,Part-time availability,"Apply statistical methods, Analyze and visualize data",7
226,Data Science,Matlab,Chandigarh,Full-time availability,"Apply statistical methods, Analyze and visualize data, Predict trends and insights",8
227,AI,Java,Bangalore,Full-time availability,Work on natural language processing projects,5
228,Mobile App,"Objective-C, Swift, Java, Kotlin, Dart",Mumbai,Full-time availability,"Build user-friendly mobile apps, Optimize app performance",5
229,Web3,"JavaScript, Go, Rust",Chennai,Full-time availability,"Implement smart contracts, Create decentralized applications (DApps)",9
230,UI/UX Design,"Sketch, InVision, Figma, Adobe XD, Illustrator",Mumbai,Full-time availability,"Design for mobile and web platforms, Create appealing user interfaces",7
231,Cybersecurity,"Wireshark, Metasploit, C, Nmap, Python",Delhi,Available for projects,Conduct penetration testing,10
232,AI,"PyTorch, R, Python",Chandigarh,Available for projects,"Work on natural language processing projects, Contribute to AI research, Develop machine learning models",1
233,Cybersecurity,Metasploit,Chennai,Part-time availability,Enhance network security,10
234,AI,R,Bangalore,Part-time availability,Contribute to AI research,3
235,Full Stack,Java,Delhi,Part-time availability,"Build responsive web applications, Optimize website performance",8
236,Data Science,"SAS, Matlab",Kolkata,Available for projects,"Predict trends and insights, Analyze and visualize data",10
237,AI,PyTorch,Bangalore,Full-time availability,"Develop machine learning models, Work on natural language processing projects, Contribute to AI research",6
238,UI/UX Design,"Sketch, Adobe XD, InVision, Figma, Illustrator",Chennai,Part-time availability,"Create appealing user interfaces, Optimize user experiences, Design for mobile and web platforms",4
239,Mobile App,"Java, Dart",Kolkata,Part-time availability,Optimize app performance,2
240,AI,"Java, R, PyTorch, Python",Chennai,Part-time availability,"Contribute to AI research, Work on natural language processing projects",10
241,Mobile App,"Kotlin, Java, Objective-C",Delhi,Part-time availability,"Optimize app performance, Build user-friendly mobile apps, Explore cross-platform development",8
242,Web3,"Go, Solidity",Chandigarh,Part-time availability,Create decentralized applications (DApps),8
243,IoT,"Arduino, Raspberry Pi, C, Java, Python",Bangalore,Available for projects,"Develop IoT solutions, Ensure device security, Connect devices to the internet",6
244,Game Development,"C#, Unity, C++",Pune,Full-time availability,Design and code video games,6
245,AI,"R, PyTorch, TensorFlow, Python, Java",Jaipur,Part-time availability,Contribute to AI research,10
246,Web3,"Rust, JavaScript",Pune,Full-time availability,Understand blockchain technology,6
247,Cybersecurity,Python,Bangalore,Available for projects,"Enhance network security, Protect systems from cyber threats",6
248,Blockchain,"Go, Solidity",Kolkata,Part-time availability,"Explore cryptocurrency technologies, Develop blockchain-based applications, Ensure security in decentralized systems",8
249,Mobile App,"Swift, Objective-C",Hyderabad,Full-time availability,"Optimize app performance, Build user-friendly mobile apps, Explore cross-platform development",8
250,Full Stack,"Python, HTML/CSS",Chandigarh,Full-time availability,"Master both front-end and back-end development, Build responsive web applications, Optimize website performance",8
251,IoT,"C, Raspberry Pi",Chennai,Full-time availability,Connect devices to the internet,10
252,IoT,"Arduino, C, Raspberry Pi",Jaipur,Available for projects,Develop IoT solutions,2
253,Data Science,"Python, SAS, R, SQL",Hyderabad,Part-time availability,Analyze and visualize data,8
254,AI,"R, TensorFlow",Kolkata,Available for projects,"Work on natural language processing projects, Contribute to AI research",5
255,Data Science,"Python, SQL",Hyderabad,Available for projects,Predict trends and insights,8
256,Data Science,SAS,Hyderabad,Available for projects,Predict trends and insights,5
257,AI,"TensorFlow, PyTorch, Python, R",Bangalore,Available for projects,Work on natural language processing projects,10
258,Cybersecurity,"Python, Metasploit, Nmap",Kolkata,Full-time availability,Protect systems from cyber threats,4
259,IoT,C,Chandigarh,Available for projects,"Ensure device security, Connect devices to the internet",10
260,Full Stack,"JavaScript, HTML/CSS, PHP, Java, Python",Jaipur,Full-time availability,"Optimize website performance, Master both front-end and back-end development, Build responsive web applications",4
261,AI,"Java, R",Chandigarh,Available for projects,Contribute to AI research,6
262,Game Development,"Unity, JavaScript, C++, Unreal Engine",Pune,Available for projects,"Work on 2D and 3D game development, Design and code video games",7
263,Mobile App,Kotlin,Mumbai,Part-time availability,Optimize app performance,1
264,UI/UX Design,Adobe XD,Kolkata,Available for projects,"Design for mobile and web platforms, Optimize user experiences, Create appealing user interfaces",8
265,Blockchain,"Rust, Java",Ahmedabad,Available for projects,"Ensure security in decentralized systems, Explore cryptocurrency technologies",4
266,AI,"Python, Java, R",Jaipur,Available for projects,"Develop machine learning models, Work on natural language processing projects",9
267,Mobile App,"Kotlin, Objective-C, Java",Bangalore,Part-time availability,"Explore cross-platform development, Build user-friendly mobile apps",8
268,IoT,"Python, Java, Arduino",Hyderabad,Full-time availability,Connect devices to the internet,6
269,Full Stack,"Java, Python, HTML/CSS, JavaScript, PHP",Hyderabad,Available for projects,"Master both front-end and back-end development, Optimize website performance, Build responsive web applications",3
270,Full Stack,"HTML/CSS, PHP, JavaScript",Chandigarh,Available for projects,"Master both front-end and back-end development, Build responsive web applications",7
271,Blockchain,"C++, Go, Java",Jaipur,Part-time availability,"Develop blockchain-based applications, Ensure security in decentralized systems, Explore cryptocurrency technologies",6
272,Full Stack,"JavaScript, PHP, Python, HTML/CSS, Java",Chandigarh,Full-time availability,"Build responsive web applications, Master both front-end and back-end development",10
273,Mobile App,Objective-C,Ahmedabad,Full-time availability,"Optimize app performance, Build user-friendly mobile apps, Explore cross-platform development",3
274,Mobile App,"Swift, Kotlin",Mumbai,Available for projects,"Build user-friendly mobile apps, Optimize app performance",6
275,UI/UX Design,"InVision, Adobe XD, Illustrator",Jaipur,Full-time availability,"Optimize user experiences, Design for mobile and web platforms, Create appealing user interfaces",1
276,Mobile App,"Java, Objective-C, Swift, Dart, Kotlin",Delhi,Full-time availability,Optimize app performance,7
277,Full Stack,"Python, HTML/CSS",Mumbai,Available for projects,Master both front-end and back-end development,6
278,Cybersecurity,"Metasploit, C, Python, Wireshark, Nmap",Jaipur,Part-time availability,"Conduct penetration testing, Protect systems from cyber threats",3
279,Cybersecurity,"Metasploit, Python, Wireshark",Jaipur,Available for projects,"Conduct penetration testing, Enhance network security",10
280,Mobile App,"Kotlin, Java, Objective-C, Swift",Pune,Available for projects,Build user-friendly mobile apps,4
281,Blockchain,"Java, Solidity, Go",Jaipur,Available for projects,Develop blockchain-based applications,10
282,Game Development,Unreal Engine,Jaipur,Part-time availability,Work on 2D and 3D game development,1
283,IoT,"Java, Arduino, Python, Raspberry Pi",Hyderabad,Full-time availability,Develop IoT solutions,4
284,Cybersecurity,"C, Wireshark",Chandigarh,Available for projects,Conduct penetration testing,8
285,IoT,"Arduino, Python, C, Java",Jaipur,Full-time availability,"Ensure device security, Develop IoT solutions, Connect devices to the internet",1
286,Game Development,Unity,Ahmedabad,Full-time availability,"Work on 2D and 3D game development, Game engine expertise",8
287,Web3,"Rust, WebAssembly",Jaipur,Part-time availability,Create decentralized applications (DApps),5
288,IoT,"Arduino, Raspberry Pi",Ahmedabad,Available for projects,"Connect devices to the internet, Develop IoT solutions",8
289,Blockchain,"Go, Java, Solidity, Rust, C++",Jaipur,Available for projects,Ensure security in decentralized systems,8
290,Full Stack,"PHP, Java, Python",Pune,Available for projects,"Build responsive web applications, Master both front-end and back-end development",10
291,Game Development,"C#, C++, Unity, JavaScript",Bangalore,Full-time availability,Work on 2D and 3D game development,2
292,Full Stack,Python,Bangalore,Part-time availability,"Optimize website performance, Build responsive web applications, Master both front-end and back-end development",6
293,Blockchain,"Java, C++",Ahmedabad,Part-time availability,Explore cryptocurrency technologies,9
294,Mobile App,"Kotlin, Objective-C, Java, Dart",Bangalore,Part-time availability,Optimize app performance,3
295,AI,"R, Java",Pune,Part-time availability,"Develop machine learning models, Contribute to AI research",2
296,Cybersecurity,"C, Wireshark, Nmap, Metasploit, Python",Pune,Part-time availability,"Protect systems from cyber threats, Conduct penetration testing",4
297,UI/UX Design,"InVision, Illustrator",Chennai,Available for projects,"Optimize user experiences, Design for mobile and web platforms",1
298,Game Development,C#,Delhi,Available for projects,"Work on 2D and 3D game development, Game engine expertise, Design and code video games",1
299,Web3,Rust,Mumbai,Part-time availability,"Implement smart contracts, Create decentralized applications (DApps), Understand blockchain technology",10
300,Web3,"Solidity, Go, WebAssembly, Rust, JavaScript",Hyderabad,Available for projects,Implement smart contracts,5
301,AI,"Java, TensorFlow, R",Mumbai,Available for projects,"Contribute to AI research, Work on natural language processing projects",3
302,Full Stack,"PHP, Java, HTML/CSS",Chandigarh,Available for projects,Master both front-end and back-end development,9
303,AI,"Python, R",Chandigarh,Part-time availability,Contribute to AI research,8
304,Data Science,"SAS, Python, Matlab, R, SQL",Hyderabad,Full-time availability,"Analyze and visualize data, Predict trends and insights, Apply statistical methods",7
305,IoT,Arduino,Mumbai,Available for projects,Develop IoT solutions,7
306,IoT,"C, Python, Java",Jaipur,Part-time availability,Ensure device security,4
307,Web3,Solidity,Bangalore,Part-time availability,Understand blockchain technology,5
308,UI/UX Design,"Figma, Illustrator",Jaipur,Full-time availability,"Create appealing user interfaces, Design for mobile and web platforms, Optimize user experiences",7
309,Mobile App,"Dart, Swift",Ahmedabad,Full-time availability,"Explore cross-platform development, Optimize app performance",5
310,Web3,"JavaScript, Solidity",Chennai,Full-time availability,"Implement smart contracts, Understand blockchain technology",6
311,Cybersecurity,"Metasploit, Python, C, Wireshark, Nmap",Ahmedabad,Part-time availability,"Conduct penetration testing, Enhance network security, Protect systems from cyber threats",7
312,Web3,"Go, JavaScript, WebAssembly, Solidity",Hyderabad,Part-time availability,Create decentralized applications (DApps),5
313,IoT,Java,Ahmedabad,Available for projects,"Connect devices to the internet, Ensure device security",9
314,Cybersecurity,"Python, Wireshark, C",Chennai,Part-time availability,"Conduct penetration testing, Protect systems from cyber threats, Enhance network security",8
315,IoT,"Raspberry Pi, Python",Pune,Available for projects,"Connect devices to the internet, Develop IoT solutions, Ensure device security",4
316,UI/UX Design,"Figma, Illustrator, Adobe XD, Sketch",Hyderabad,Part-time availability,"Design for mobile and web platforms, Optimize user experiences, Create appealing user interfaces",8
317,Full Stack,JavaScript,Chandigarh,Part-time availability,Master both front-end and back-end development,10
318,Cybersecurity,"Python, Metasploit, C, Nmap",Delhi,Part-time availability,"Enhance network security, Protect systems from cyber threats, Conduct penetration testing",1
319,UI/UX Design,InVision,Chandigarh,Part-time availability,Design for mobile and web platforms,9
320,Web3,"Go, JavaScript, Solidity",Chandigarh,Full-time availability,Understand blockchain technology,8
321,Full Stack,"HTML/CSS, JavaScript",Ahmedabad,Available for projects,"Build responsive web applications, Optimize website performance",2
322,Data Science,"SAS, SQL, Python, Matlab, R",Jaipur,Full-time availability,"Apply statistical methods, Predict trends and insights, Analyze and visualize data",8
323,Full Stack,"PHP, HTML/CSS, Python, Java, JavaScript",Mumbai,Part-time availability,"Master both front-end and back-end development, Optimize website performance",7
324,Blockchain,"Go, Rust, Solidity, Java, C++",Ahmedabad,Full-time availability,"Develop blockchain-based applications, Explore cryptocurrency technologies",9
325,Game Development,"Unity, C++, JavaScript, C#, Unreal Engine",Mumbai,Part-time availability,"Design and code video games, Game engine expertise",5
326,UI/UX Design,"Adobe XD, Illustrator",Pune,Part-time availability,Design for mobile and web platforms,2
327,UI/UX Design,"Adobe XD, InVision, Illustrator, Sketch",Ahmedabad,Part-time availability,Optimize user experiences,3
328,IoT,"Python, Arduino, C, Java",Kolkata,Available for projects,"Develop IoT solutions, Connect devices to the internet, Ensure device security",4
329,Data Science,"SQL, SAS, Python, R, Matlab",Hyderabad,Full-time availability,"Analyze and visualize data, Apply statistical methods",8
330,UI/UX Design,"Sketch, Figma",Bangalore,Full-time availability,"Create appealing user interfaces, Design for mobile and web platforms, Optimize user experiences",2
331,IoT,"C, Python, Raspberry Pi, Arduino",Chandigarh,Available for projects,Ensure device security,3
332,IoT,"Java, C, Raspberry Pi, Python",Mumbai,Full-time availability,"Connect devices to the internet, Develop IoT solutions, Ensure device security",6
333,Data Science,"SAS, R, SQL, Python, Matlab",Pune,Full-time availability,"Apply statistical methods, Analyze and visualize data",6
334,Mobile App,"Kotlin, Java, Swift",Chennai,Full-time availability,"Build user-friendly mobile apps, Optimize app performance",4
335,Blockchain,Solidity,Bangalore,Available for projects,"Ensure security in decentralized systems, Develop blockchain-based applications",10
336,Blockchain,Rust,Mumbai,Part-time availability,"Develop blockchain-based applications, Ensure security in decentralized systems, Explore cryptocurrency technologies",3
337,Data Science,"Matlab, R, Python",Jaipur,Part-time availability,Predict trends and insights,10
338,Mobile App,Java,Chandigarh,Full-time availability,"Optimize app performance, Explore cross-platform development",4
339,Data Science,R,Delhi,Available for projects,"Analyze and visualize data, Predict trends and insights, Apply statistical methods",10
340,IoT,"Python, Arduino, Raspberry Pi, Java",Delhi,Part-time availability,Develop IoT solutions,9
341,IoT,Python,Pune,Available for projects,"Ensure device security, Connect devices to the internet, Develop IoT solutions",1
342,UI/UX Design,"InVision, Illustrator, Figma",Chennai,Part-time availability,"Optimize user experiences, Create appealing user interfaces, Design for mobile and web platforms",8
343,Full Stack,"JavaScript, Python",Pune,Part-time availability,Optimize website performance,2
344,IoT,"Java, Python, Arduino",Chandigarh,Full-time availability,Connect devices to the internet,7
345,AI,"TensorFlow, PyTorch, R, Java",Mumbai,Available for projects,"Contribute to AI research, Work on natural language processing projects, Develop machine learning models",10
346,Cybersecurity,"Nmap, Wireshark, Python, C, Metasploit",Ahmedabad,Part-time availability,"Conduct penetration testing, Enhance network security, Protect systems from cyber threats",6
347,Blockchain,"Solidity, Rust",Jaipur,Part-time availability,"Ensure security in decentralized systems, Explore cryptocurrency technologies",10
348,AI,"R, Java",Bangalore,Part-time availability,"Develop machine learning models, Work on natural language processing projects",6
349,Blockchain,Go,Jaipur,Part-time availability,"Explore cryptocurrency technologies, Develop blockchain-based applications",9
350,Cybersecurity,"Python, Wireshark, C, Metasploit",Jaipur,Full-time availability,"Conduct penetration testing, Protect systems from cyber threats",3
351,Web3,"JavaScript, Go",Mumbai,Available for projects,"Create decentralized applications (DApps), Implement smart contracts, Understand blockchain technology",4
352,Full Stack,"Java, Python, JavaScript, PHP, HTML/CSS",Delhi,Part-time availability,Build responsive web applications,2
353,Cybersecurity,"C, Metasploit, Wireshark, Python",Delhi,Available for projects,"Enhance network security, Protect systems from cyber threats",2
354,IoT,"Python, Java, Raspberry Pi",Delhi,Part-time availability,"Ensure device security, Connect devices to the internet",6
355,UI/UX Design,"Adobe XD, InVision, Figma, Sketch, Illustrator",Delhi,Part-time availability,Design for mobile and web platforms,8
356,Game Development,"JavaScript, C++",Ahmedabad,Available for projects,Design and code video games,5
357,AI,"PyTorch, Java",Kolkata,Part-time availability,Develop machine learning models,7
358,Blockchain,Rust,Pune,Available for projects,"Develop blockchain-based applications, Ensure security in decentralized systems, Explore cryptocurrency technologies",2
359,AI,"Java, R, PyTorch, Python, TensorFlow",Hyderabad,Part-time availability,"Contribute to AI research, Work on natural language processing projects",9
360,IoT,"Python, Raspberry Pi, Arduino",Bangalore,Available for projects,Develop IoT solutions,10
361,Data Science,"SQL, SAS, R, Python, Matlab",Jaipur,Full-time availability,Apply statistical methods,5
362,AI,"TensorFlow, Java, R",Delhi,Part-time availability,"Contribute to AI research, Develop machine learning models, Work on natural language processing projects",1
363,Game Development,"Unreal Engine, Unity, JavaScript",Bangalore,Part-time availability,"Work on 2D and 3D game development, Game engine expertise",2
364,Mobile App,Swift,Chandigarh,Full-time availability,Build user-friendly mobile apps,1
365,Full Stack,"HTML/CSS, PHP, JavaScript, Python, Java",Bangalore,Full-time availability,"Build responsive web applications, Master both front-end and back-end development",9
366,Full Stack,"PHP, HTML/CSS, JavaScript, Python",Chandigarh,Full-time availability,"Optimize website performance, Build responsive web applications, Master both front-end and back-end development",10
367,Mobile App,"Java, Objective-C, Swift, Kotlin, Dart",Jaipur,Full-time availability,Explore cross-platform development,10
368,Blockchain,"Java, Rust, Go, C++, Solidity",Mumbai,Full-time availability,"Develop blockchain-based applications, Explore cryptocurrency technologies, Ensure security in decentralized systems",3
369,Data Science,"SAS, SQL, R, Matlab",Mumbai,Full-time availability,"Predict trends and insights, Apply statistical methods",1
370,UI/UX Design,"Illustrator, Figma, InVision, Sketch, Adobe XD",Kolkata,Part-time availability,"Create appealing user interfaces, Optimize user experiences",8
371,Game Development,"C++, Unity",Hyderabad,Available for projects,"Game engine expertise, Design and code video games",9
372,AI,TensorFlow,Chennai,Available for projects,"Work on natural language processing projects, Contribute to AI research, Develop machine learning models",7
373,Mobile App,"Swift, Dart, Objective-C, Java, Kotlin",Chennai,Full-time availability,"Explore cross-platform development, Optimize app performance, Build user-friendly mobile apps",10
374,Game Development,"C#, JavaScript, C++, Unity",Jaipur,Part-time availability,"Work on 2D and 3D game development, Design and code video games",7
375,Cybersecurity,"Wireshark, C",Chennai,Full-time availability,"Conduct penetration testing, Protect systems from cyber threats, Enhance network security",7
376,Full Stack,"JavaScript, Python, Java",Jaipur,Full-time availability,Build responsive web applications,4
377,Full Stack,"JavaScript, Python, PHP",Kolkata,Part-time availability,Optimize website performance,9
378,AI,"Java, TensorFlow, PyTorch, Python",Bangalore,Full-time availability,"Contribute to AI research, Work on natural language processing projects, Develop machine learning models",1
379,Game Development,"Unreal Engine, C++, C#",Chennai,Available for projects,"Game engine expertise, Work on 2D and 3D game development, Design and code video games",10
380,AI,"TensorFlow, Python, PyTorch, Java, R",Ahmedabad,Part-time availability,"Work on natural language processing projects, Develop machine learning models, Contribute to AI research",10
381,IoT,"Raspberry Pi, Python, C",Mumbai,Full-time availability,"Develop IoT solutions, Connect devices to the internet",7
382,UI/UX Design,"Sketch, Figma, Adobe XD, Illustrator",Hyderabad,Available for projects,"Design for mobile and web platforms, Optimize user experiences",7
383,IoT,"Java, Arduino",Hyderabad,Available for projects,"Connect devices to the internet, Develop IoT solutions",2
384,AI,Java,Mumbai,Full-time availability,Develop machine learning models,1
385,IoT,"Raspberry Pi, Python, C, Java",Delhi,Available for projects,Develop IoT solutions,4
386,IoT,"C, Arduino, Python",Chandigarh,Available for projects,"Ensure device security, Connect devices to the internet, Develop IoT solutions",9
387,Cybersecurity,"Wireshark, Metasploit, Python",Jaipur,Part-time availability,"Enhance network security, Protect systems from cyber threats, Conduct penetration testing",9
388,AI,"Python, PyTorch",Chennai,Available for projects,Work on natural language processing projects,1
389,Data Science,"SQL, Python, Matlab, SAS",Pune,Part-time availability,Predict trends and insights,3
390,UI/UX Design,InVision,Ahmedabad,Full-time availability,"Design for mobile and web platforms, Create appealing user interfaces",4
391,UI/UX Design,"InVision, Adobe XD, Sketch",Chennai,Full-time availability,"Optimize user experiences, Create appealing user interfaces, Design for mobile and web platforms",1
392,Full Stack,"PHP, HTML/CSS, JavaScript, Python, Java",Delhi,Available for projects,"Master both front-end and back-end development, Optimize website performance, Build responsive web applications",7
393,Web3,"JavaScript, Solidity, Rust, Go, WebAssembly",Chandigarh,Full-time availability,"Understand blockchain technology, Create decentralized applications (DApps), Implement smart contracts",7
394,Blockchain,"Solidity, Rust, Go, Java, C++",Chennai,Part-time availability,"Develop blockchain-based applications, Ensure security in decentralized systems",1
395,AI,"Python, TensorFlow, Java, R",Mumbai,Part-time availability,"Work on natural language processing projects, Develop machine learning models, Contribute to AI research",4
396,Cybersecurity,"Wireshark, Metasploit",Hyderabad,Available for projects,"Enhance network security, Protect systems from cyber threats, Conduct penetration testing",4
397,Mobile App,"Objective-C, Dart",Chennai,Available for projects,"Optimize app performance, Explore cross-platform development, Build user-friendly mobile apps",2
398,Cybersecurity,"Nmap, Python, Wireshark, Metasploit, C",Jaipur,Part-time availability,"Protect systems from cyber threats, Enhance network security, Conduct penetration testing",5
399,Cybersecurity,Nmap,Mumbai,Full-time availability,Conduct penetration testing,9
400,IoT,Raspberry Pi,Hyderabad,Available for projects,"Connect devices to the internet, Ensure device security, Develop IoT solutions",4
401,Cybersecurity,"Python, C, Nmap, Wireshark, Metasploit",Hyderabad,Full-time availability,"Protect systems from cyber threats, Enhance network security, Conduct penetration testing",1
402,Full Stack,"PHP, Python",Delhi,Full-time availability,Master both front-end and back-end development,6
403,Game Development,"Unreal Engine, C++, JavaScript",Hyderabad,Full-time availability,"Work on 2D and 3D game development, Design and code video games",3
404,Full Stack,"Python, PHP, JavaScript",Pune,Full-time availability,"Master both front-end and back-end development, Build responsive web applications",4
405,Web3,"Go, WebAssembly, JavaScript, Solidity",Chennai,Full-time availability,"Create decentralized applications (DApps), Understand blockchain technology",6
406,Cybersecurity,"Wireshark, Metasploit, Python, C, Nmap",Chandigarh,Available for projects,"Conduct penetration testing, Protect systems from cyber threats",7
407,Mobile App,"Swift, Kotlin",Ahmedabad,Part-time availability,Build user-friendly mobile apps,7
408,Blockchain,"Rust, C++",Chennai,Full-time availability,Ensure security in decentralized systems,9
409,AI,"TensorFlow, Python, R, PyTorch, Java",Kolkata,Part-time availability,"Contribute to AI research, Develop machine learning models",7
410,Full Stack,"PHP, Python, JavaScript, HTML/CSS, Java",Chandigarh,Full-time availability,"Optimize website performance, Build responsive web applications, Master both front-end and back-end development",1
411,Blockchain,"C++, Rust, Go, Solidity",Ahmedabad,Available for projects,Ensure security in decentralized systems,5
412,UI/UX Design,"Sketch, Illustrator, Adobe XD",Bangalore,Part-time availability,"Design for mobile and web platforms, Create appealing user interfaces, Optimize user experiences",7
413,Data Science,"Matlab, Python, R",Bangalore,Available for projects,Apply statistical methods,10
414,Data Science,"SAS, Matlab, R",Mumbai,Part-time availability,"Predict trends and insights, Analyze and visualize data",9
415,Full Stack,"PHP, HTML/CSS, Python, JavaScript, Java",Jaipur,Available for projects,Master both front-end and back-end development,9
416,Game Development,"Unreal Engine, Unity, C++",Kolkata,Available for projects,"Work on 2D and 3D game development, Game engine expertise, Design and code video games",1
417,UI/UX Design,Figma,Chandigarh,Part-time availability,Optimize user experiences,5
418,Game Development,C++,Pune,Available for projects,"Design and code video games, Game engine expertise",7
419,Game Development,C#,Chandigarh,Available for projects,"Work on 2D and 3D game development, Design and code video games",8
420,AI,"TensorFlow, Java",Chandigarh,Full-time availability,"Work on natural language processing projects, Contribute to AI research, Develop machine learning models",4
421,Blockchain,"Solidity, C++, Rust, Go",Jaipur,Available for projects,"Explore cryptocurrency technologies, Ensure security in decentralized systems, Develop blockchain-based applications",1
422,Game Development,"Unreal Engine, C#",Bangalore,Part-time availability,"Design and code video games, Work on 2D and 3D game development",6
423,Data Science,"R, Matlab",Pune,Available for projects,"Apply statistical methods, Predict trends and insights, Analyze and visualize data",9
424,Mobile App,Swift,Delhi,Part-time availability,"Build user-friendly mobile apps, Explore cross-platform development",1
425,Data Science,"Python, SQL, Matlab, R",Delhi,Available for projects,"Predict trends and insights, Analyze and visualize data, Apply statistical methods",2
426,Blockchain,"Solidity, Java, C++, Rust",Jaipur,Part-time availability,"Ensure security in decentralized systems, Explore cryptocurrency technologies",5
427,AI,"PyTorch, Python, Java, TensorFlow, R",Chandigarh,Available for projects,"Work on natural language processing projects, Develop machine learning models, Contribute to AI research",3
428,Data Science,"Python, R, SQL, SAS",Kolkata,Full-time availability,"Predict trends and insights, Apply statistical methods",3
429,Game Development,"Unreal Engine, JavaScript, Unity",Ahmedabad,Available for projects,Work on 2D and 3D game development,7
430,Full Stack,"PHP, HTML/CSS, JavaScript, Python, Java",Mumbai,Full-time availability,"Optimize website performance, Build responsive web applications",6
431,IoT,"Arduino, Python, C",Pune,Full-time availability,"Connect devices to the internet, Ensure device security",10
432,Mobile App,Kotlin,Chandigarh,Part-time availability,"Build user-friendly mobile apps, Explore cross-platform development, Optimize app performance",10
433,Full Stack,HTML/CSS,Delhi,Available for projects,"Build responsive web applications, Optimize website performance, Master both front-end and back-end development",10
434,IoT,Raspberry Pi,Delhi,Full-time availability,"Connect devices to the internet, Ensure device security",2
435,Mobile App,Dart,Hyderabad,Part-time availability,"Optimize app performance, Build user-friendly mobile apps",7
436,UI/UX Design,"Adobe XD, Sketch",Bangalore,Full-time availability,Design for mobile and web platforms,6
437,Data Science,"Matlab, SAS, Python",Hyderabad,Available for projects,"Apply statistical methods, Analyze and visualize data",9
438,Cybersecurity,"Python, Nmap",Jaipur,Full-time availability,"Protect systems from cyber threats, Conduct penetration testing",4
439,Blockchain,"Go, Solidity",Chennai,Part-time availability,"Ensure security in decentralized systems, Develop blockchain-based applications, Explore cryptocurrency technologies",7
440,Mobile App,"Swift, Kotlin, Dart",Chandigarh,Full-time availability,Optimize app performance,10
441,Cybersecurity,"Python, Metasploit, Nmap, Wireshark, C",Bangalore,Full-time availability,"Protect systems from cyber threats, Conduct penetration testing",1
442,AI,"R, Python, TensorFlow",Chennai,Full-time availability,Contribute to AI research,6
443,Cybersecurity,"Nmap, Metasploit, Wireshark",Bangalore,Available for projects,"Conduct penetration testing, Enhance network security",8
444,IoT,"Python, Arduino, Java, C",Chandigarh,Part-time availability,"Develop IoT solutions, Connect devices to the internet",4
445,Game Development,"JavaScript, C#",Delhi,Part-time availability,"Work on 2D and 3D game development, Game engine expertise, Design and code video games",9
446,Full Stack,"JavaScript, Java, PHP, Python",Chandigarh,Available for projects,"Optimize website performance, Build responsive web applications, Master both front-end and back-end development",2
447,Blockchain,"C++, Rust, Solidity",Chandigarh,Part-time availability,"Ensure security in decentralized systems, Explore cryptocurrency technologies, Develop blockchain-based applications",8
448,Web3,"WebAssembly, JavaScript, Rust, Go, Solidity",Pune,Available for projects,Implement smart contracts,8
449,Cybersecurity,"Python, Wireshark, Metasploit",Kolkata,Available for projects,Protect systems from cyber threats,2
450,Game Development,"Unity, C++, JavaScript",Chennai,Part-time availability,"Game engine expertise, Design and code video games, Work on 2D and 3D game development",10
451,Cybersecurity,"Nmap, Wireshark, C, Metasploit",Chennai,Available for projects,"Enhance network security, Conduct penetration testing, Protect systems from cyber threats",4
452,Cybersecurity,"Metasploit, Wireshark, C, Nmap, Python",Ahmedabad,Part-time availability,"Protect systems from cyber threats, Enhance network security",8
453,Blockchain,"Go, Java, Solidity, C++",Chandigarh,Available for projects,"Ensure security in decentralized systems, Develop blockchain-based applications, Explore cryptocurrency technologies",5
454,Data Science,"R, SQL, Matlab, Python",Hyderabad,Full-time availability,"Analyze and visualize data, Apply statistical methods",5
455,Cybersecurity,"C, Nmap, Wireshark",Kolkata,Part-time availability,"Protect systems from cyber threats, Enhance network security",6
456,AI,"R, Java, PyTorch",Jaipur,Part-time availability,Contribute to AI research,5
457,Full Stack,"Python, JavaScript, Java, PHP, HTML/CSS",Jaipur,Full-time availability,"Master both front-end and back-end development, Build responsive web applications",4
458,Full Stack,"PHP, Python, HTML/CSS",Delhi,Full-time availability,"Build responsive web applications, Master both front-end and back-end development",4
459,IoT,"Java, C, Raspberry Pi, Python, Arduino",Kolkata,Available for projects,"Connect devices to the internet, Develop IoT solutions",10
460,IoT,"Python, Java, Arduino",Bangalore,Part-time availability,"Develop IoT solutions, Ensure device security, Connect devices to the internet",5
461,Cybersecurity,"Python, Wireshark, C, Metasploit, Nmap",Jaipur,Part-time availability,"Conduct penetration testing, Protect systems from cyber threats, Enhance network security",1
462,Mobile App,"Objective-C, Java, Kotlin",Delhi,Available for projects,Build user-friendly mobile apps,2
463,UI/UX Design,Illustrator,Mumbai,Available for projects,Optimize user experiences,7
464,UI/UX Design,"Sketch, Adobe XD, InVision, Illustrator",Bangalore,Available for projects,"Design for mobile and web platforms, Create appealing user interfaces, Optimize user experiences",6
465,IoT,"Python, Raspberry Pi",Chandigarh,Full-time availability,"Ensure device security, Develop IoT solutions, Connect devices to the internet",8
466,Blockchain,"Go, Solidity, C++",Bangalore,Full-time availability,"Ensure security in decentralized systems, Explore cryptocurrency technologies, Develop blockchain-based applications",9
467,Game Development,"Unreal Engine, Unity",Pune,Part-time availability,"Design and code video games, Work on 2D and 3D game development, Game engine expertise",6
468,IoT,"Java, C, Arduino",Pune,Available for projects,"Connect devices to the internet, Ensure device security",1
469,Blockchain,C++,Jaipur,Available for projects,Develop blockchain-based applications,9
470,Mobile App,"Objective-C, Dart, Kotlin",Ahmedabad,Part-time availability,"Optimize app performance, Build user-friendly mobile apps",4
471,IoT,"Raspberry Pi, Python, C, Arduino, Java",Jaipur,Part-time availability,"Ensure device security, Develop IoT solutions, Connect devices to the internet",1
472,Blockchain,Java,Chennai,Part-time availability,Develop blockchain-based applications,2
473,Mobile App,"Kotlin, Swift, Objective-C, Dart",Kolkata,Available for projects,"Build user-friendly mobile apps, Optimize app performance, Explore cross-platform development",7
474,IoT,"Java, C, Arduino",Jaipur,Part-time availability,"Develop IoT solutions, Ensure device security",7
475,Mobile App,"Swift, Java, Objective-C, Dart",Delhi,Part-time availability,"Optimize app performance, Build user-friendly mobile apps, Explore cross-platform development",4
476,Full Stack,"Python, JavaScript, PHP, HTML/CSS",Ahmedabad,Part-time availability,"Optimize website performance, Build responsive web applications, Master both front-end and back-end development",7
477,Full Stack,"Python, JavaScript",Delhi,Available for projects,"Master both front-end and back-end development, Optimize website performance",2
478,UI/UX Design,Illustrator,Kolkata,Part-time availability,"Create appealing user interfaces, Design for mobile and web platforms, Optimize user experiences",2
479,Mobile App,"Objective-C, Java",Chandigarh,Available for projects,"Optimize app performance, Explore cross-platform development",6
480,AI,"Python, PyTorch, TensorFlow",Chandigarh,Full-time availability,Contribute to AI research,1
481,Web3,"JavaScript, Rust, Go",Jaipur,Available for projects,"Implement smart contracts, Create decentralized applications (DApps)",1
482,Blockchain,Rust,Bangalore,Part-time availability,"Ensure security in decentralized systems, Develop blockchain-based applications",5
483,Game Development,C++,Chandigarh,Full-time availability,Work on 2D and 3D game development,7
484,Game Development,"JavaScript, Unity, Unreal Engine, C++, C#",Ahmedabad,Full-time availability,Game engine expertise,7
485,Web3,"Solidity, JavaScript, Go, Rust, WebAssembly",Hyderabad,Full-time availability,"Implement smart contracts, Understand blockchain technology, Create decentralized applications (DApps)",2
486,Web3,"Solidity, Rust, JavaScript",Hyderabad,Part-time availability,"Implement smart contracts, Understand blockchain technology",10
487,Data Science,"SQL, Matlab, Python",Bangalore,Available for projects,"Analyze and visualize data, Predict trends and insights",5
488,Full Stack,"HTML/CSS, Python, JavaScript",Pune,Full-time availability,Master both front-end and back-end development,7
489,Web3,"Rust, WebAssembly, JavaScript, Go",Pune,Available for projects,Create decentralized applications (DApps),1
490,Web3,WebAssembly,Chennai,Available for projects,"Understand blockchain technology, Create decentralized applications (DApps)",10
491,Game Development,"JavaScript, C#, Unreal Engine, Unity, C++",Chennai,Part-time availability,"Game engine expertise, Work on 2D and 3D game development",10
492,Cybersecurity,"Wireshark, Metasploit",Chandigarh,Part-time availability,"Enhance network security, Conduct penetration testing",8
493,Full Stack,"HTML/CSS, JavaScript",Delhi,Part-time availability,Master both front-end and back-end development,10
494,AI,"TensorFlow, R",Bangalore,Full-time availability,"Develop machine learning models, Work on natural language processing projects, Contribute to AI research",7
495,Web3,"Go, Rust, WebAssembly",Ahmedabad,Available for projects,Understand blockchain technology,6
496,AI,"Java, R",Kolkata,Available for projects,"Work on natural language processing projects, Develop machine learning models",10
497,AI,"Python, PyTorch, R, Java, TensorFlow",Bangalore,Part-time availability,Contribute to AI research,2
498,Cybersecurity,"Metasploit, Python",Hyderabad,Part-time availability,"Conduct penetration testing, Enhance network security",5
499,Web3,"Go, Rust, WebAssembly",Kolkata,Part-time availability,Create decentralized applications (DApps),10
500,Data Science,"Matlab, R",Mumbai,Available for projects,"Apply statistical methods, Predict trends and insights",8
